id,vendor_id,invoice_no,date,amount,itc_claimed,payment_mode,eway_bill
T0001,V001,INV/2508/295,2025-08-01,459000,70017,NEFT,EWB179610695014
T0002,V001,INV/2510/219,2025-10-07,800000,122034,NEFT,EWB752510488265
T0003,V001,INV/2603/723,2026-03-11,453000,69102,NEFT,EWB979032121500
T0004,V001,INV/2603/869,2026-03-09,188000,28678,NEFT,EWB593769097149
T0005,V001,INV/2508/539,2025-08-23,724000,110441,NEFT,EWB499696028151
T0006,V001,INV/2507/303,2025-07-30,697000,106322,NEFT,EWB722688723195
T0007,V001,INV/2503/175,2025-03-09,455000,69407,NEFT,EWB776680108062
T0008,V002,INV/2601/446,2026-01-30,416000,63458,NEFT,EWB817189483218
T0009,V002,INV/2510/352,2025-10-02,189000,28831,NEFT,EWB247653600913
T0010,V002,INV/2512/874,2025-12-16,226000,34475,NEFT,EWB318508022292
T0011,V002,INV/2509/869,2025-09-28,779000,118831,NEFT,EWB865783006533
T0012,V003,INV/2602/741,2026-02-21,778000,118678,NEFT,EWB900838025375
T0013,V003,INV/2607/154,2026-07-03,142000,21661,NEFT,EWB242500087482
T0014,V003,INV/2506/357,2025-06-18,748000,114102,NEFT,EWB885074875924
T0015,V003,INV/2602/406,2026-02-06,536000,81763,NEFT,EWB369961710881
T0016,V003,INV/2504/542,2025-04-26,646000,98542,NEFT,EWB608829366258
T0017,V003,INV/2506/416,2025-06-17,448000,68339,NEFT,EWB232849272439
T0018,V003,INV/2606/164,2026-06-10,267000,40729,NEFT,EWB933294324183
T0019,V004,INV/2503/258,2025-03-23,589000,89847,NEFT,EWB146216687434
T0020,V004,INV/2602/184,2026-02-18,489000,74593,NEFT,EWB414929764707
T0021,V004,INV/2512/383,2025-12-04,330000,50339,NEFT,EWB340777251938
T0022,V004,INV/2510/236,2025-10-20,635000,96864,NEFT,EWB103429628343
T0023,V004,INV/2608/253,2026-08-29,96000,14644,NEFT,EWB186374082940
T0024,V004,INV/2604/629,2026-04-17,510000,77797,NEFT,EWB692124017881
T0025,V005,INV/2606/861,2026-06-23,516000,78712,NEFT,EWB228587484984
T0026,V005,INV/2503/823,2025-03-18,595000,90763,NEFT,EWB789421569344
T0027,V005,INV/2512/550,2025-12-09,353000,53847,NEFT,EWB761078885604
T0028,V005,INV/2510/701,2025-10-09,448000,68339,NEFT,EWB482340802212
T0029,V005,INV/2604/813,2026-04-07,127000,19373,NEFT,EWB671539737683
T0030,V006,INV/2504/242,2025-04-06,649000,99000,NEFT,EWB519153150967
T0031,V006,INV/2510/446,2025-10-23,571000,87102,NEFT,EWB324158998175
T0032,V006,INV/2606/909,2026-06-16,146000,22271,NEFT,EWB192183351602
T0033,V006,INV/2608/773,2026-08-01,120000,18305,NEFT,EWB504848936367
T0034,V006,INV/2505/841,2025-05-22,133000,20288,NEFT,EWB377660498750
T0035,V006,INV/2507/777,2025-07-30,444000,67729,NEFT,EWB518138296758
T0036,V006,INV/2512/337,2025-12-08,354000,54000,NEFT,EWB368604894208
T0037,V007,INV/2606/756,2026-06-20,383000,58424,NEFT,EWB749846989434
T0038,V007,INV/2506/973,2025-06-24,64000,9763,NEFT,EWB667363713604
T0039,V007,INV/2603/662,2026-03-24,527000,80390,NEFT,EWB215821961188
T0040,V007,INV/2509/385,2025-09-06,355000,54153,NEFT,EWB139855307130
T0041,V007,INV/2604/586,2026-04-03,648000,98847,NEFT,EWB587381428516
T0042,V007,INV/2505/957,2025-05-04,640000,97627,NEFT,EWB171333673738
T0043,V008,INV/2606/884,2026-06-25,245000,37373,NEFT,EWB550393715751
T0044,V008,INV/2512/768,2025-12-07,412000,62847,NEFT,EWB856925577688
T0045,V008,INV/2507/906,2025-07-08,808000,123254,NEFT,EWB108254120595
T0046,V008,INV/2601/333,2026-01-29,595000,90763,NEFT,EWB842483082133
T0047,V008,INV/2604/922,2026-04-24,68000,10373,NEFT,EWB960394367833
T0048,V009,INV/2603/542,2026-03-19,741000,113034,NEFT,EWB353689394624
T0049,V009,INV/2507/390,2025-07-16,97000,14797,NEFT,EWB683770636517
T0050,V009,INV/2511/834,2025-11-22,887000,135305,NEFT,EWB981944335571
T0051,V009,INV/2511/539,2025-11-09,775000,118220,NEFT,EWB769565834575
T0052,V009,INV/2512/348,2025-12-18,592000,90305,NEFT,EWB327669107376
T0053,V009,INV/2504/378,2025-04-20,400000,61017,NEFT,EWB906527254903
T0054,V010,INV/2601/673,2026-01-03,327000,49881,NEFT,EWB704520173047
T0055,V010,INV/2608/795,2026-08-17,820000,125085,NEFT,EWB404278281087
T0056,V010,INV/2508/118,2025-08-07,433000,66051,NEFT,EWB694239671688
T0057,V010,INV/2503/705,2025-03-15,277000,42254,NEFT,EWB173481201188
T0058,V010,INV/2606/204,2026-06-19,634000,96712,NEFT,EWB948190668872
T0059,V010,INV/2512/480,2025-12-07,788000,120203,NEFT,EWB985240568293
T0060,V010,INV/2508/940,2025-08-30,704000,107390,NEFT,EWB918905866732
T0061,V011,INV/2604/793,2026-04-29,814000,124169,NEFT,EWB780734198130
T0062,V011,INV/2608/317,2026-08-24,241000,36763,NEFT,EWB903237322248
T0063,V011,INV/2508/346,2025-08-28,536000,81763,NEFT,EWB847991512139
T0064,V011,INV/2605/758,2026-05-19,716000,109220,NEFT,EWB196751393773
T0065,V011,INV/2503/806,2025-03-01,315000,48051,NEFT,EWB886450388578
T0066,V011,INV/2510/502,2025-10-29,869000,132559,NEFT,EWB582371537922
T0067,V012,INV/2607/527,2026-07-14,439000,66966,NEFT,EWB590771390254
T0068,V012,INV/2505/903,2025-05-26,173000,26390,NEFT,EWB904448256731
T0069,V012,INV/2505/970,2025-05-17,695000,106017,NEFT,EWB936755159292
T0070,V012,INV/2505/423,2025-05-07,91000,13881,NEFT,EWB972724676404
T0071,V012,INV/2604/744,2026-04-14,361000,55068,NEFT,EWB275666582395
T0072,V012,INV/2505/601,2025-05-29,466000,71085,NEFT,EWB552851214581
T0073,V012,INV/2604/883,2026-04-21,725000,110593,NEFT,EWB110138641359
T0074,V013,INV/2608/188,2026-08-10,812000,123864,NEFT,EWB335588227280
T0075,V013,INV/2506/113,2025-06-02,756000,115322,NEFT,EWB736318331568
T0076,V013,INV/2512/532,2025-12-21,172000,26237,NEFT,EWB228388472796
T0077,V014,INV/2507/243,2025-07-17,323000,49271,NEFT,EWB352529165048
T0078,V014,INV/2510/412,2025-10-27,591000,90153,NEFT,EWB746022957367
T0079,V014,INV/2510/240,2025-10-02,487000,74288,NEFT,EWB611127387697
T0080,V014,INV/2504/253,2025-04-08,229000,34932,NEFT,EWB420151306238
T0081,V014,INV/2509/672,2025-09-21,460000,70169,NEFT,EWB129768998953
T0082,V014,INV/2512/674,2025-12-01,121000,18458,NEFT,EWB857520105778
T0083,V014,INV/2512/126,2025-12-07,695000,106017,NEFT,EWB487998358040
T0084,V014,INV/2601/226,2026-01-25,619000,94424,NEFT,EWB649280428655
T0085,V015,INV/2505/103,2025-05-28,844000,128746,NEFT,EWB289727345629
T0086,V015,INV/2506/232,2025-06-04,400000,61017,NEFT,EWB971704281772
T0087,V015,INV/2507/181,2025-07-23,479000,73068,NEFT,EWB900327379116
T0088,V015,INV/2503/395,2025-03-21,517000,78864,NEFT,EWB401374972012
T0089,V015,INV/2603/130,2026-03-11,779000,118831,NEFT,EWB974506216680
T0090,V016,INV/2512/179,2025-12-09,851000,129814,NEFT,EWB276440967356
T0091,V016,INV/2609/890,2026-09-02,112000,17085,NEFT,EWB666519724277
T0092,V016,INV/2607/640,2026-07-07,52000,7932,NEFT,EWB131661214669
T0093,V016,INV/2603/298,2026-03-31,422000,64373,NEFT,EWB681271303738
T0094,V017,INV/2608/255,2026-08-16,596000,90915,NEFT,EWB808384629828
T0095,V017,INV/2604/133,2026-04-25,202000,30814,NEFT,EWB520578215131
T0096,V017,INV/2510/503,2025-10-14,329000,50186,NEFT,EWB230986154289
T0097,V017,INV/2511/714,2025-11-22,373000,56898,NEFT,EWB741259557462
T0098,V017,INV/2504/870,2025-04-10,216000,32949,NEFT,EWB801835699115
T0099,V018,INV/2511/185,2025-11-07,611000,93203,NEFT,EWB200280906008
T0100,V018,INV/2504/396,2025-04-16,707000,107847,NEFT,EWB699906597084
T0101,V018,INV/2505/762,2025-05-01,483000,73678,NEFT,EWB490249777357
T0102,V018,INV/2603/302,2026-03-25,595000,90763,NEFT,EWB587178326373
T0103,V018,INV/2608/578,2026-08-06,461000,70322,NEFT,EWB888900037170
T0104,V019,INV/2508/714,2025-08-12,629000,95949,NEFT,EWB953189519661
T0105,V019,INV/2607/731,2026-07-09,754000,115017,NEFT,EWB314193649415
T0106,V019,INV/2511/180,2025-11-13,352000,53695,NEFT,EWB702965018335
T0107,V019,INV/2509/778,2025-09-26,178000,27153,NEFT,EWB587214244777
T0108,V019,INV/2601/286,2026-01-12,834000,127220,NEFT,EWB847443481705
T0109,V019,INV/2604/295,2026-04-15,610000,93051,NEFT,EWB665501526339
T0110,V020,INV/2603/178,2026-03-01,194000,29593,NEFT,EWB453844455211
T0111,V020,INV/2512/817,2025-12-19,134000,20441,NEFT,EWB550768391004
T0112,V020,INV/2602/460,2026-02-10,274000,41797,NEFT,EWB905609147163
T0113,V020,INV/2601/178,2026-01-24,329000,50186,NEFT,EWB959990545919
T0114,V020,INV/2602/740,2026-02-14,530000,80847,NEFT,EWB153575559440
T0115,V020,INV/2511/831,2025-11-13,40000,6102,NEFT,
T0116,V020,INV/2503/825,2025-03-10,485000,73983,NEFT,EWB630600566422
T0117,V020,INV/2603/728,2026-03-24,51000,7780,NEFT,EWB734956914946
T0118,V021,INV/2601/651,2026-01-14,62000,9458,NEFT,EWB452965305053
T0119,V021,INV/2603/309,2026-03-16,344000,52475,NEFT,EWB783557430374
T0120,V021,INV/2606/235,2026-06-05,436000,66508,NEFT,EWB449762287533
T0121,V022,INV/2510/476,2025-10-05,451000,68797,NEFT,EWB260156551276
T0122,V022,INV/2608/856,2026-08-09,799000,121881,NEFT,EWB256971328081
T0123,V022,INV/2511/518,2025-11-11,333000,50797,NEFT,EWB359749589228
T0124,V022,INV/2504/285,2025-04-10,150000,22881,NEFT,EWB342020748225
T0125,V022,INV/2608/792,2026-08-30,364000,55525,NEFT,EWB640180673792
T0126,V022,INV/2608/695,2026-08-09,395000,60254,NEFT,EWB733886202374
T0127,V022,INV/2503/250,2025-03-06,133000,20288,NEFT,EWB130539208941
T0128,V023,INV/2606/214,2026-06-16,704000,107390,NEFT,EWB789923472623
T0129,V023,INV/2510/616,2025-10-18,593000,90458,NEFT,EWB806876805255
T0130,V023,INV/2511/521,2025-11-18,385000,58729,NEFT,EWB841541230637
T0131,V024,INV/2503/719,2025-03-29,305000,46525,NEFT,EWB963792034000
T0132,V024,INV/2508/709,2025-08-05,148000,22576,NEFT,EWB436687281781
T0133,V024,INV/2509/413,2025-09-28,245000,37373,NEFT,EWB539795066635
T0134,V024,INV/2510/690,2025-10-31,452000,68949,NEFT,EWB583658096783
T0135,V024,INV/2503/759,2025-03-04,511000,77949,NEFT,EWB128882055124
T0136,V024,INV/2508/489,2025-08-13,513000,78254,NEFT,EWB616302578486
T0137,V024,INV/2503/449,2025-03-14,414000,63153,NEFT,EWB628302568097
T0138,V024,INV/2506/290,2025-06-29,590000,90000,NEFT,EWB187923616066
T0139,V025,INV/2506/426,2025-06-02,212000,32339,NEFT,EWB808056009629
T0140,V025,INV/2512/771,2025-12-03,610000,93051,NEFT,EWB711018273422
T0141,V025,INV/2604/872,2026-04-15,516000,78712,NEFT,EWB969816166481
T0142,V025,INV/2503/927,2025-03-19,487000,74288,NEFT,EWB223799618253
T0143,V026,INV/2505/932,2025-05-22,871000,132864,NEFT,EWB969888622525
T0144,V026,INV/2506/251,2025-06-18,471000,71847,NEFT,EWB455822285152
T0145,V026,INV/2608/308,2026-08-23,79000,12051,NEFT,EWB983361432615
T0146,V026,INV/2601/146,2026-01-10,484000,73831,NEFT,EWB861024074989
T0147,V026,INV/2607/958,2026-07-13,550000,83898,NEFT,EWB590172417044
T0148,V027,INV/2604/531,2026-04-24,70000,10678,NEFT,EWB384837488562
T0149,V027,INV/2601/968,2026-01-04,737000,112424,NEFT,EWB554160194232
T0150,V027,INV/2603/598,2026-03-23,642000,97932,NEFT,EWB792580923503
T0151,V027,INV/2503/454,2025-03-31,635000,96864,NEFT,EWB615269039768
T0152,V027,INV/2504/830,2025-04-15,635000,96864,NEFT,EWB716546859138
T0153,V027,INV/2608/604,2026-08-13,608000,92746,NEFT,EWB669359520094
T0154,V027,INV/2603/388,2026-03-15,853000,130119,NEFT,EWB193705810987
T0155,V028,INV/2607/315,2026-07-17,52000,7932,NEFT,EWB969308330046
T0156,V028,INV/2512/956,2025-12-19,446000,68034,NEFT,EWB226290653174
T0157,V028,INV/2509/459,2025-09-11,474000,72305,NEFT,EWB501820682284
T0158,V028,INV/2512/624,2025-12-29,217000,33102,NEFT,EWB407934091183
T0159,V029,INV/2604/981,2026-04-20,414000,63153,NEFT,EWB924837837019
T0160,V029,INV/2508/724,2025-08-04,659000,100525,NEFT,EWB845658137285
T0161,V029,INV/2602/258,2026-02-17,602000,91831,NEFT,EWB738388281833
T0162,V030,INV/2505/393,2025-05-09,500000,76271,NEFT,
T0163,V030,INV/2506/701,2025-06-21,250000,38136,NEFT,
T0164,V030,INV/2508/338,2025-08-14,750000,114407,NEFT,
T0165,V030,INV/2509/422,2025-09-27,500000,76271,NEFT,
T0166,V030,INV/2511/442,2025-11-06,750000,114407,NEFT,
T0167,V030,INV/2601/912,2026-01-19,500000,76271,Cash,EWB886717992455
T0168,V030,INV/2602/289,2026-02-25,1000000,152542,Cash,EWB406907387159
T0169,V031,INV/2505/618,2025-05-09,750000,114407,NEFT,
T0170,V031,INV/2506/938,2025-06-21,500000,76271,NEFT,
T0171,V031,INV/2508/377,2025-08-14,250000,38136,NEFT,EWB463946894121
T0172,V031,INV/2509/545,2025-09-27,1000000,152542,NEFT,EWB475150157649
T0173,V031,INV/2511/193,2025-11-06,500000,76271,Cash,EWB617335399654
T0174,V031,INV/2601/508,2026-01-19,750000,114407,NEFT,EWB347315372964
T0175,V031,INV/2602/239,2026-02-25,250000,38136,NEFT,EWB817196780163
T0176,V032,INV/2505/985,2025-05-09,1000000,152542,NEFT,
T0177,V032,INV/2506/912,2025-06-21,500000,76271,Cash,EWB669879507222
T0178,V032,INV/2508/841,2025-08-14,750000,114407,NEFT,EWB820434304126
T0179,V032,INV/2509/455,2025-09-27,1000000,152542,NEFT,EWB438119874989
T0180,V032,INV/2511/390,2025-11-06,250000,38136,NEFT,
T0181,V032,INV/2601/782,2026-01-19,500000,76271,Cash,
T0182,V032,INV/2602/300,2026-02-25,1000000,152542,Cash,EWB957169777393
T0183,V033,INV/2507/777,2025-07-03,240000,36610,NEFT,EWB147646347965
T0184,V033,INV/2510/993,2025-10-17,125000,19068,NEFT,EWB167168203920
T0185,V033,INV/2602/967,2026-02-08,285000,43475,NEFT,EWB876468181853
T0186,V034,INV/2507/524,2025-07-03,340000,51864,NEFT,EWB532406073655
T0187,V034,INV/2510/891,2025-10-17,135000,20593,NEFT,EWB502120284963
T0188,V034,INV/2602/144,2026-02-08,300000,45763,NEFT,EWB288862297836
